Model,MSE,MAE,R2
XGBoost,1.6071486468128533,0.7748323662481125,0.8977073140212092
LightGBM,1.7456333068532779,0.8080998303297314,0.8888929657837344
Random Forest,1.8852355170198714,0.8515647472194136,0.8800074870977176
Gradient Boosting,2.0222777814380253,0.9419570772654396,0.8712849452545914
Linear Regression,2.8684695432003857,1.203708430915154,0.8174260639772105
Decision Tree,3.2898430990899894,1.1021486349848333,0.7906062468321938
KNN,9.948518992922144,2.2914317492416583,0.3667911606588784